{"stats":{"minecraft:dropped":{"minecraft:white_stained_glass":1},"minecraft:custom":{"minecraft:fill_cauldron":4,"minecraft:time_since_rest":198572,"minecraft:sprint_one_cm":29234,"minecraft:crouch_one_cm":1151,"minecraft:play_time":198572,"minecraft:walk_one_cm":138082,"minecraft:sneak_time":1883,"minecraft:drop":1,"minecraft:jump":144,"minecraft:interact_with_brewingstand":6,"minecraft:leave_game":4,"minecraft:time_since_death":198572,"minecraft:total_world_time":198572,"minecraft:use_cauldron":1,"minecraft:fly_one_cm":496361},"minecraft:used":{"minecraft:water_bucket":2,"cobblemon:pc":2,"minecraft:oak_leaves":12,"minecraft:dark_oak_planks":263,"minecraft:brewing_stand":3,"minecraft:lava_bucket":2,"minecraft:bookshelf":15,"minecraft:flint_and_steel":29,"minecraft:light_gray_concrete":74,"minecraft:armor_stand":3,"minecraft:lantern":14,"minecraft:grass_block":106,"minecraft:blast_furnace":2,"minecraft:white_stained_glass":803,"minecraft:bucket":1,"minecraft:lectern":2,"minecraft:white_concrete":172,"minecraft:oak_hanging_sign":1,"easy_npc:humanoid_spawn_egg":1,"minecraft:cauldron":2,"minecraft:glow_ink_sac":1,"cobblemon:display_case":8,"easy_npc:easy_npc_wand":1},"minecraft:picked_up":{"minecraft:stick":1,"minecraft:allium":1,"minecraft:white_stained_glass":1,"minecraft:lilac":7,"minecraft:apple":1,"minecraft:wheat_seeds":34,"minecraft:oak_sapling":1}},"DataVersion":3465}