{
  "minecraft:recipes/decorations/crafting_table": {
    "criteria": {
      "unlock_right_away": "2024-05-30 03:28:44 +0000"
    },
    "done": true
  },
  "minecraft:adventure/adventuring_time": {
    "criteria": {
      "minecraft:eroded_badlands": "2024-05-30 03:28:45 +0000",
      "minecraft:badlands": "2024-05-30 03:31:13 +0000",
      "minecraft:river": "2024-05-30 03:31:11 +0000",
      "minecraft:forest": "2024-05-30 03:45:30 +0000",
      "minecraft:desert": "2024-05-30 03:30:55 +0000",
      "minecraft:plains": "2024-05-30 03:42:59 +0000"
    },
    "done": false
  },
  "cobblemon:root": {
    "criteria": {
      "picked_starter": "2024-05-30 03:29:29 +0000"
    },
    "done": true
  },
  "megamons:grant_megamons_guide": {
    "criteria": {
      "tick": "2024-05-30 03:29:29 +0000"
    },
    "done": true
  },
  "biomesoplenty:biomesoplenty/all_biomes": {
    "criteria": {
      "rocky_shrubland": "2024-05-30 03:45:31 +0000",
      "old_growth_woodland": "2024-05-30 03:43:40 +0000",
      "dryland": "2024-05-30 03:31:16 +0000",
      "wasteland": "2024-05-30 03:31:14 +0000",
      "lush_desert": "2024-05-30 03:31:17 +0000"
    },
    "done": false
  },
  "biomesoplenty:biomesoplenty/root": {
    "criteria": {
      "wasteland": "2024-05-30 03:31:14 +0000"
    },
    "done": true
  },
  "DataVersion": 3465
}